,year,country,school_id,student_id,mother_educ,father_educ,gender,computer,internet,math,read,science,stu_wgt,desk,room,dishwasher,television,computer_n,car,book,wealth,escs
1,2000,GRC,1049,5,NA,NA,female,NA,no,241.16,377.87,336.64,157.1999,yes,no,yes,1,0,0,51-100,-1.84,-0.461599677827683
2,2000,GRC,1080,20,NA,NA,male,NA,no,394.54,415.09,492.63,157.1999,yes,yes,no,2,1,1,more than 500,-0.12,0.709225638623969
3,2000,GRC,1119,32,NA,NA,male,NA,no,NA,616.55,595.11,157.1999,yes,yes,yes,3+,1,1,51-100,-0.12,0.274926034898654
4,2000,GRC,1147,46,NA,NA,female,NA,NA,180.86,330.61,278.01,216.1499,yes,yes,yes,3+,0,1,11-50,-0.39,-0.882103830377328
5,2000,GRC,5023,58,NA,NA,male,NA,no,NA,375.06,374.85,102.4661,yes,no,no,1,0,0,none,-2.31,-1.51822400304084
6,2000,GRC,6040,70,NA,NA,male,NA,no,NA,306.6,376.8,149.4297,no,no,yes,2,0,1,1-10,-0.6,-0.345577381878421
7,2000,GRC,6074,85,NA,NA,female,NA,no,NA,385.33,417.2,156.0001,yes,yes,yes,3+,0,1,11-50,-0.57,-2.00911770216426
8,2000,GRC,7051,97,NA,NA,male,NA,no,NA,349.32,294.72,160.8012,yes,yes,no,3+,0,2,11-50,-0.12,-1.74952089384732
9,2000,GRC,9152,109,NA,NA,male,NA,no,254.87,283.3,246.37,129.038,yes,yes,no,2,0,1,11-50,-1.13,-0.252163111326449
10,2000,GRC,10004,119,NA,NA,female,NA,no,NA,527.12,485.76,74.3877,yes,yes,no,1,0,1,51-100,-1.46,-1.43428330324321
11,2000,GRC,10004,130,NA,NA,female,NA,no,NA,559.28,547.3,74.3877,yes,yes,no,2,1,2,251-500,-0.36,-0.278648165870299
12,2000,GRC,10021,151,NA,NA,female,NA,no,468.57,513.26,466.47,57.4814,yes,yes,yes,3+,0,1,1-10,-0.12,-0.373313150721967
13,2000,GRC,10021,164,NA,NA,female,NA,no,NA,604.12,613.89,57.4814,yes,yes,yes,2,0,0,101-250,-1.46,-0.0501172728540693
14,2000,GRC,10021,172,NA,NA,female,NA,no,434.23,548.71,502.56,57.4814,yes,no,no,2,0,1,251-500,-1.13,0.433865783591638
15,2000,GRC,10058,186,NA,NA,female,NA,no,476.2,460.54,484.52,46.2105,yes,yes,yes,3+,0,2,11-50,0.11,0.760285950086859
16,2000,GRC,10058,199,NA,NA,female,NA,no,NA,497.48,555.41,46.2105,yes,yes,no,1,0,1,101-250,-1.84,-1.80295384822325
17,2000,GRC,10058,210,NA,NA,female,NA,no,NA,384.77,352.45,46.2105,yes,yes,no,2,0,1,51-100,-0.85,-1.35461262345137
18,2000,GRC,10061,229,NA,NA,male,NA,yes,NA,422.6,428.03,99.2178,yes,yes,yes,3+,1,3+,51-100,1.14,1.63814740256473
19,2000,GRC,10061,240,NA,NA,male,NA,no,NA,512.93,468.82,99.2178,yes,yes,no,2,0,1,51-100,-1.46,-0.849050032923938
20,2000,GRC,10144,251,NA,NA,male,NA,no,NA,528.94,464.11,117.2171,yes,no,no,2,0,1,11-50,-1.46,-0.662822007905726
21,2000,GRC,10144,262,NA,NA,male,NA,no,NA,445.32,361.28,117.2171,yes,no,no,2,0,0,11-50,-2.31,-1.73919821968397
22,2000,GRC,10144,275,NA,NA,male,NA,no,NA,456.87,542.63,117.2171,yes,yes,yes,2,1,2,11-50,0.11,0.638659121596026
23,2000,GRC,10155,291,NA,NA,male,NA,no,413.62,306.93,340.18,57.4814,yes,no,no,2,0,1,11-50,-0.85,-1.65132344677542
24,2000,GRC,10155,305,NA,NA,female,NA,no,350.3,308.8,354.69,57.4814,yes,no,no,2,0,2,1-10,-1.46,-1.38240734946688
25,2000,GRC,10155,314,NA,NA,female,NA,no,NA,431.69,264.75,57.4814,yes,yes,no,2,0,1,11-50,-1.13,-1.93615052975622
26,2000,GRC,11001,329,NA,NA,male,NA,no,433.46,331.47,380.78,21.9375,yes,no,no,2,0,1,11-50,-1.13,-1.54061980853367
27,2000,GRC,11002,344,NA,NA,female,NA,no,NA,390.78,309.86,28.9714,yes,no,no,1,0,0,101-250,-2.31,-0.221845651068339
28,2000,GRC,11002,357,NA,NA,female,NA,no,NA,492.32,391.08,28.9714,yes,no,no,2,1,1,51-100,-0.36,-0.112771649325546
29,2000,GRC,11002,364,NA,NA,male,NA,no,NA,173.89,235.18,28.9714,no,no,no,0,0,0,none,-5.05,-5.18588970520388
30,2000,GRC,11003,377,NA,NA,female,NA,no,354.88,369.69,363.71,31.1999,yes,no,no,3+,0,1,more than 500,-1.46,-1.22094777285454
31,2000,GRC,11003,390,NA,NA,female,NA,no,NA,526.56,471.52,31.1999,yes,no,no,1,0,0,101-250,-2.31,-1.82566773145038
32,2000,GRC,11003,401,NA,NA,male,NA,yes,NA,384.15,380.26,31.1999,yes,yes,yes,2,1,2,11-50,0.11,-0.424373462184856
33,2000,GRC,11007,416,NA,NA,female,NA,no,487.65,506.89,457.45,44.5714,yes,no,no,1,0,1,1-10,-2.31,-1.96395387580318
34,2000,GRC,11007,424,NA,NA,male,NA,no,336.56,510.58,424.15,44.5714,yes,yes,no,2,NA,0,1-10,-0.55,-1.45336976367731
35,2000,GRC,11007,437,NA,NA,female,NA,no,495.28,550.52,542.25,44.5714,yes,no,yes,1,1,2,251-500,-0.85,0.78271168125435
36,2000,GRC,11008,449,NA,NA,male,NA,yes,NA,565.65,411.08,100.3972,yes,yes,yes,2,1,2,51-100,0.59,0.203078248798688
37,2000,GRC,11008,465,NA,NA,male,NA,yes,522.03,431.5,517.96,100.3972,yes,yes,yes,3+,2,3+,51-100,1.84,0.636082514792007
38,2000,GRC,11009,479,NA,NA,male,NA,NA,NA,541.67,584.99,75.2143,yes,yes,yes,2,1,1,51-100,-0.11,0.319621957275563
39,2000,GRC,11009,492,NA,NA,male,NA,yes,375.46,501.44,505.26,75.2143,yes,yes,no,3+,1,2,51-100,0.85,1.77040319151882
40,2000,GRC,11009,502,NA,NA,male,NA,no,532.68,605.06,565.7,75.2143,yes,no,no,1,0,1,11-50,-1.84,-0.374631442225083
41,2000,GRC,11012,515,NA,NA,female,NA,yes,507.53,525.12,507.14,37.8857,yes,yes,yes,3+,3+,2,101-250,2.36,1.93207257058324
42,2000,GRC,11012,527,NA,NA,female,NA,no,NA,537.76,558.87,37.8857,yes,yes,no,1,0,1,51-100,-1.46,1.03020315534157
43,2000,GRC,11015,541,NA,NA,male,NA,no,NA,513.84,453.48,21.8637,yes,yes,yes,2,1,1,51-100,0.11,-1.1450217751874
44,2000,GRC,11015,553,NA,NA,male,NA,yes,NA,408.69,428.97,21.8637,yes,yes,yes,2,1,1,251-500,0.11,1.29089513800013
45,2000,GRC,11015,566,NA,NA,male,NA,no,NA,467.13,488.47,21.8637,yes,no,no,3+,0,3+,11-50,-0.36,-0.0578547201819443
46,2000,GRC,11016,578,NA,NA,male,NA,no,NA,534.74,520.23,33.9858,yes,yes,no,1,0,1,11-50,-1.84,-0.159102027732265
47,2000,GRC,11016,595,NA,NA,male,NA,no,NA,442.03,411.08,33.9858,yes,no,no,1,1,2,101-250,-0.6,-1.919543008151
48,2000,GRC,11016,604,NA,NA,male,NA,no,NA,531.11,508.51,33.9858,yes,yes,no,1,0,0,251-500,-2.31,-0.848465233626091
49,2000,GRC,11018,616,NA,NA,female,NA,no,NA,527.12,547.1,70.7571,yes,yes,no,3+,0,1,11-50,-0.36,0.307417232874764
50,2000,GRC,11018,631,NA,NA,male,NA,no,NA,505.95,526.39,70.7571,yes,yes,yes,3+,1,2,51-100,0.34,1.0000399768462
51,2000,GRC,11018,641,NA,NA,female,NA,no,NA,647.45,608.64,70.7571,yes,yes,yes,3+,1,1,11-50,-0.12,-1.20516431467331
52,2000,GRC,11020,655,NA,NA,male,NA,no,NA,485.95,474.07,81.9,yes,no,yes,3+,1,1,101-250,-0.36,-0.32003447810878
53,2000,GRC,11020,667,NA,NA,female,NA,no,NA,488.68,473.17,81.9,yes,no,yes,3+,1,2,51-100,0.34,0.690082763323182
54,2000,GRC,11027,678,NA,NA,female,NA,no,NA,424.41,379.32,39.5572,yes,yes,no,2,1,1,11-50,-0.36,-0.485722357617859
55,2000,GRC,11027,693,NA,NA,female,NA,yes,411.36,506.03,479.17,39.5572,yes,yes,yes,2,1,1,11-50,0.59,0.638659121596026
56,2000,GRC,11027,703,NA,NA,female,NA,no,NA,311.44,365.83,39.5572,yes,no,yes,2,0,1,11-50,-1.13,-1.0346932586443
57,2000,GRC,11029,717,NA,NA,female,NA,no,512.11,633.29,637.94,57.85,yes,yes,yes,2,0,1,51-100,-0.85,-0.217690738021507
58,2000,GRC,11029,734,NA,NA,male,NA,no,528.1,557.8,516.99,57.85,yes,yes,yes,3+,1,1,101-250,0.59,0.717662992208653
59,2000,GRC,11034,747,NA,NA,female,NA,yes,332.72,346.92,341.09,28.4143,yes,yes,no,2,1,1,51-100,-0.6,-0.00259170083698659
60,2000,GRC,11034,759,NA,NA,male,NA,yes,NA,322.05,298.32,28.4143,yes,yes,no,3+,1,1,51-100,0.34,-0.239569936509654
61,2000,GRC,11034,771,NA,NA,male,NA,yes,NA,305.08,256.67,28.4143,yes,yes,yes,2,1,0,1-10,-0.6,0.383121636655443
62,2000,GRC,11038,783,NA,NA,female,NA,yes,397.59,375.1,366.34,23.4,yes,yes,yes,2,2,2,11-50,1.14,0.576079923329175
63,2000,GRC,11042,793,NA,NA,female,NA,no,NA,547.76,620.21,37.2272,yes,no,yes,2,1,1,101-250,-0.6,0.834352097337124
64,2000,GRC,11042,804,NA,NA,female,NA,no,NA,548.38,421.01,37.2272,yes,yes,yes,3+,0,1,51-100,-0.36,1.4262693577517
65,2000,GRC,11042,816,NA,NA,female,NA,no,NA,632.91,611.34,37.2272,yes,yes,yes,2,0,1,251-500,-0.6,0.493892587020921
66,2000,GRC,11044,831,NA,NA,female,NA,no,424.33,493.31,475.56,47.3571,yes,yes,yes,2,0,1,more than 500,-0.6,1.09152783880812
67,2000,GRC,11044,848,NA,NA,female,NA,no,NA,342.34,402.81,47.3571,yes,no,no,3+,0,1,11-50,-1.13,-1.00913337989145
68,2000,GRC,11046,860,NA,NA,male,NA,yes,NA,553.83,511.21,20.1724,yes,yes,NA,0,0,0,51-100,-2.17,-0.553595372528103
69,2000,GRC,11046,872,NA,NA,male,NA,no,NA,536.56,425.52,20.1724,yes,no,no,1,0,0,51-100,-1.46,0.0978263846107867
70,2000,GRC,11046,885,NA,NA,male,NA,yes,NA,564.39,496.59,20.1724,yes,yes,no,3+,1,1,more than 500,0.59,1.93783898588876
71,2000,GRC,11048,895,NA,NA,female,NA,yes,NA,528.67,530.9,46.8,yes,no,yes,2,1,2,51-100,-0.12,-0.985185757347833
72,2000,GRC,11048,906,NA,NA,male,NA,yes,543.4,600.56,552.24,46.8,yes,yes,yes,3+,2,1,251-500,1.14,1.63359342093248
73,2000,GRC,11055,926,NA,NA,female,NA,yes,NA,473.84,467.91,30.0857,yes,no,yes,2,1,0,51-100,-0.6,-0.166946591085312
74,2000,GRC,11055,939,NA,NA,female,NA,no,457.12,455.99,424.08,30.0857,yes,no,yes,2,1,2,1-10,0.11,0.399227602169252
75,2000,GRC,11055,948,NA,NA,female,NA,no,377.75,419.64,452.94,30.0857,yes,no,no,2,0,1,11-50,-0.85,-0.95108850574155
76,2000,GRC,11057,960,NA,NA,female,NA,NA,363.28,420.59,401.59,46.2429,yes,yes,yes,3+,0,1,none,-0.13,-1.58427924866123
77,2000,GRC,11057,975,NA,NA,male,NA,no,NA,439.3,443.56,46.2429,yes,yes,yes,2,0,0,51-100,-0.85,-1.51398047222708
78,2000,GRC,11057,985,NA,NA,female,NA,no,NA,505.95,467.76,46.2429,yes,no,yes,2,0,2,51-100,-0.36,0.653728604860483
79,2000,GRC,11063,1001,NA,NA,female,NA,no,571.64,596.02,642.45,69.6429,yes,no,no,3+,1,2,251-500,-0.12,1.5976752286334
80,2000,GRC,11063,1014,NA,NA,male,NA,yes,NA,587.75,586.83,69.6429,yes,yes,yes,1,1,2,51-100,0.34,1.5976752286334
81,2000,GRC,11063,1026,NA,NA,female,NA,no,NA,606.84,618.4,69.6429,yes,yes,yes,2,1,2,more than 500,-0.12,0.374806627012957
82,2000,GRC,11067,1037,NA,NA,male,NA,yes,476.23,572.39,548.63,36.706,yes,no,no,3+,1,0,101-250,-0.6,0.126982377433798
83,2000,GRC,11067,1048,NA,NA,female,NA,no,438.8,502.35,487.22,36.706,yes,yes,no,1,0,1,51-100,-1.46,-0.635341923141886
84,2000,GRC,11068,1062,NA,NA,male,NA,no,NA,563.21,506.55,83.5715,no,no,yes,3+,0,1,1-10,-0.57,-0.849431232348779
85,2000,GRC,11068,1071,NA,NA,male,NA,NA,NA,478.95,454.19,83.5715,yes,yes,yes,2,0,2,1-10,-0.13,-0.0504538488466119
86,2000,GRC,11068,1085,NA,NA,male,NA,no,NA,355.07,403.71,83.5715,yes,yes,no,2,0,1,11-50,-1.13,-0.301516330860175
87,2000,GRC,11069,1098,NA,NA,female,NA,no,NA,370.79,306.25,87.4714,yes,no,yes,1,0,2,101-250,-0.6,0.520531923327515
88,2000,GRC,11069,1110,NA,NA,male,NA,yes,445.71,452.41,424.15,87.4714,yes,yes,no,2,1,1,101-250,0.11,-0.467468514480415
89,2000,GRC,11069,1124,NA,NA,male,NA,no,414.41,471.5,504.43,87.4714,yes,yes,no,2,0,0,101-250,-1.46,-0.297608746941288
90,2000,GRC,11071,1136,NA,NA,male,NA,yes,468.6,510.58,622.6,32.3143,yes,no,yes,1,1,1,more than 500,-0.36,0.691937794209213
91,2000,GRC,11071,1150,NA,NA,male,NA,no,NA,535.04,644.56,32.3143,yes,yes,no,3+,1,2,251-500,-0.36,0.180261050046986
92,2000,GRC,11071,1163,NA,NA,female,NA,no,492.23,482.35,424.08,32.3143,yes,yes,no,2,0,1,101-250,-1.13,-0.961607807874363
93,2000,GRC,11072,1178,NA,NA,male,NA,yes,NA,314.43,295.43,19.4999,yes,yes,no,3+,1,3+,101-250,0.59,1.21857690561073
94,2000,GRC,11072,1190,NA,NA,female,NA,no,334.24,312.38,406.04,19.4999,yes,yes,yes,3+,1,1,101-250,0.59,0.215802737599185
95,2000,GRC,11077,1202,NA,NA,female,NA,no,NA,607.11,515.53,79.6714,yes,yes,no,1,1,1,51-100,-1.13,-0.0765092800327182
96,2000,GRC,11077,1215,NA,NA,female,NA,no,NA,575.3,512.82,79.6714,yes,no,yes,2,0,2,51-100,-0.6,0.726898482964169
97,2000,GRC,11078,1229,NA,NA,female,NA,no,515.16,547.85,528.79,60.7286,yes,yes,yes,3+,0,1,11-50,-0.6,-0.764019732266092
98,2000,GRC,11078,1242,NA,NA,female,NA,no,NA,585.03,561.57,60.7286,no,no,no,2,0,1,51-100,-1.84,-0.918918291822986
99,2000,GRC,11078,1254,NA,NA,female,NA,no,NA,555.94,534.51,60.7286,yes,no,no,3+,1,1,11-50,-0.36,-0.539001030231046
100,2000,GRC,11082,1267,NA,NA,male,NA,no,NA,651.99,444.46,25.0715,yes,no,no,3+,0,1,51-100,-1.13,0.143367609896099
101,2000,GRC,11082,1279,NA,NA,female,NA,no,NA,479.3,365.98,25.0715,yes,yes,no,3+,1,1,more than 500,-0.12,0.263853382417681
102,2000,GRC,11082,1292,NA,NA,male,NA,no,NA,418.05,457.8,25.0715,yes,yes,yes,3+,0,2,101-250,0.34,0.1839353734979
103,2000,GRC,11086,1304,NA,NA,female,NA,no,417.43,430.54,460.16,31.5441,yes,no,no,2,0,2,101-250,-0.85,-0.352589816805677
104,2000,GRC,11086,1316,NA,NA,female,NA,no,325.11,368.79,350.18,31.5441,yes,yes,no,3+,0,1,11-50,-0.85,-0.93206136649739
105,2000,GRC,11086,1331,NA,NA,female,NA,no,196.13,344.24,310.48,31.5441,yes,yes,yes,3+,0,0,51-100,-0.12,-0.0328536404057643
106,2000,GRC,11092,1346,NA,NA,female,NA,no,NA,553.22,550.75,21.9375,yes,yes,no,1,0,1,101-250,-0.6,0.434762052738217
107,2000,GRC,11092,1358,NA,NA,male,NA,no,413.62,312.38,286.96,21.9375,yes,yes,yes,1,0,1,11-50,-1.13,-0.0124090845671053
108,2000,GRC,11093,1373,NA,NA,female,NA,no,547.18,675.96,614.41,73.125,yes,yes,yes,2,0,2,101-250,-0.12,0.745216466822401
109,2000,GRC,11093,1385,NA,NA,male,NA,yes,NA,520.49,541.73,73.125,yes,yes,yes,3+,1,2,NA,0.34,1.2131750787648
110,2000,GRC,11094,1396,NA,NA,female,NA,no,653.27,566.88,606.3,24.9097,yes,no,yes,3+,1,2,51-100,0.11,0.573810595940702
111,2000,GRC,11094,1412,NA,NA,female,NA,no,NA,560.19,488.66,24.9097,yes,yes,no,3+,1,0,51-100,-0.6,-0.566536635684219
112,2000,GRC,11094,1423,NA,NA,female,NA,no,NA,478.68,513.76,24.9097,yes,yes,no,2,0,0,51-100,-1.13,0.124465720917381
113,2000,GRC,11095,1435,NA,NA,male,NA,no,296.84,449.63,235.54,44.6612,yes,yes,yes,1,0,0,51-100,-1.46,-0.107074069418774
114,2000,GRC,11095,1444,NA,NA,female,NA,yes,438.8,493.26,435.8,44.6612,yes,yes,yes,2,1,1,101-250,-0.12,1.05553701060969
115,2000,GRC,11096,1461,NA,NA,male,NA,no,643.35,660.51,635.16,29.5286,yes,no,yes,2,0,2,251-500,-0.36,0.860991433643718
116,2000,GRC,11096,1475,NA,NA,female,NA,no,615.14,536.94,593.73,29.5286,yes,yes,yes,3+,0,1,51-100,-0.36,-0.139410985632139
117,2000,GRC,11096,1488,NA,NA,female,NA,yes,607.48,659.6,608.1,29.5286,yes,yes,yes,2,1,1,more than 500,0.11,-0.0015990880693789
118,2000,GRC,11100,1502,NA,NA,male,NA,no,482.34,410.6,492.7,76.6552,yes,yes,yes,3+,1,1,11-50,0.11,-1.04431629163054
119,2000,GRC,11100,1511,NA,NA,female,NA,yes,NA,409.31,387.63,76.6552,yes,yes,yes,3+,1,2,11-50,0.11,-1.50976686708797
120,2000,GRC,11101,1523,NA,NA,female,NA,no,NA,537.47,588.79,69.9937,yes,no,no,2,1,2,11-50,-0.6,0.567958734271186
121,2000,GRC,11101,1532,NA,NA,male,NA,yes,NA,469.86,428.03,69.9937,yes,yes,yes,3+,1,1,101-250,0.34,0.428085299626144
122,2000,GRC,11101,1542,NA,NA,male,NA,no,511.31,494.17,567.51,69.9937,yes,yes,yes,2,0,1,more than 500,-0.85,-1.0627500115454
123,2000,GRC,11107,1558,NA,NA,female,NA,no,NA,453.85,341.62,20.0572,yes,yes,no,2,0,1,11-50,-0.6,-1.64717715376005
124,2000,GRC,11107,1571,NA,NA,female,NA,no,NA,347.15,378.42,20.0572,yes,yes,no,2,0,1,11-50,-0.6,0.914270106256905
125,2000,GRC,11107,1582,NA,NA,male,NA,yes,NA,417.78,382.06,20.0572,yes,yes,no,2,1,1,none,0.11,-0.125560278846831
126,2000,GRC,11124,1591,NA,NA,female,NA,no,499.13,526.03,499.92,39.0001,yes,no,yes,2,0,1,11-50,-0.36,-0.458250892885473
127,2000,GRC,11124,1610,NA,NA,female,NA,no,NA,542.58,429.83,39.0001,yes,no,yes,3+,1,1,251-500,0.11,-0.175267943533675
128,2000,GRC,11126,1620,NA,NA,male,NA,yes,489.18,505.08,512.48,46.3126,yes,yes,yes,3+,1,1,51-100,0.59,-0.268933343714194
129,2000,GRC,11126,1634,NA,NA,male,NA,yes,NA,432.33,531.81,46.3126,yes,yes,no,2,1,2,11-50,-0.12,-0.212645004456613
130,2000,GRC,11126,1642,NA,NA,male,NA,no,558.66,507.85,667.7,46.3126,yes,yes,no,3+,0,1,251-500,-0.12,-0.0420712620007058
131,2000,GRC,11127,1655,NA,NA,female,NA,no,NA,509.29,551.81,42.8999,yes,yes,no,1,0,1,51-100,-0.85,0.833455828190545
132,2000,GRC,11127,1665,NA,NA,male,NA,yes,NA,376.59,397.55,42.8999,yes,yes,yes,2,2,1,more than 500,0.34,1.3451147031922
133,2000,GRC,11127,1682,NA,NA,female,NA,yes,609.04,559.66,623.5,42.8999,yes,yes,yes,3+,1,1,11-50,0.34,0.558741112676244
134,2000,GRC,11129,1694,NA,NA,male,NA,no,493.76,485.08,470.08,33.4285,yes,yes,yes,3+,0,1,51-100,-0.36,-0.815015095434145
135,2000,GRC,11129,1709,NA,NA,male,NA,no,NA,478.39,326.29,33.4285,yes,no,no,2,1,1,101-250,-1.46,-0.111133392795132
136,2000,GRC,11132,1718,NA,NA,female,NA,no,535.74,472.36,387.99,59.0735,yes,no,no,2,0,1,51-100,-1.13,-0.643920118927008
137,2000,GRC,11132,1728,NA,NA,female,NA,yes,NA,429.6,404.61,59.0735,yes,yes,yes,2,2,2,11-50,1.14,0.671043203546963
138,2000,GRC,11132,1744,NA,NA,male,NA,no,NA,471.68,462.31,59.0735,yes,yes,no,2,0,1,11-50,-0.85,0.063449600976318
139,2000,GRC,11133,1755,NA,NA,male,NA,yes,NA,424.76,336.21,45.0938,yes,no,no,1,3+,0,101-250,-0.36,-1.4889793924509
140,2000,GRC,11133,1767,NA,NA,male,NA,yes,NA,398.4,474.23,45.0938,yes,no,yes,2,1,3+,51-100,0.11,-0.720957511968439
141,2000,GRC,11140,1784,NA,NA,female,NA,yes,NA,554.39,410.89,121.4066,yes,yes,yes,3+,2,2,251-500,1.46,1.42337024361511
142,2000,GRC,11140,1800,NA,NA,male,NA,yes,592.25,545.12,651.47,121.4066,yes,yes,yes,3+,3+,3+,more than 500,3.38,2.80466226601147
143,2000,GRC,11140,1812,NA,NA,female,NA,yes,NA,582.01,571.65,121.4066,yes,yes,yes,3+,2,3+,more than 500,2.36,1.94081594538814
144,2000,GRC,11143,1823,NA,NA,male,NA,yes,472.39,504.17,439.41,39.0001,yes,yes,yes,2,1,1,none,0.11,-0.0328536404057643
145,2000,GRC,11143,1838,NA,NA,female,NA,yes,600.64,568.75,616.29,39.0001,yes,no,yes,1,1,2,101-250,0.11,1.28327114950331
146,2000,GRC,11143,1847,NA,NA,male,NA,yes,NA,689.26,598.71,39.0001,yes,yes,yes,1,1,1,101-250,-0.6,0.434762052738217
147,2000,GRC,11145,1859,NA,NA,male,NA,NA,415.91,364.19,424.98,73.5428,yes,yes,yes,1,NA,1,251-500,-0.46,0.322067236087958
148,2000,GRC,11145,1870,NA,NA,female,NA,no,NA,526.56,463.4,73.5428,yes,no,yes,3+,0,1,11-50,-0.6,-0.778819197711178
149,2000,GRC,11145,1885,NA,NA,male,NA,yes,NA,428.05,483.96,73.5428,yes,yes,no,3+,1,3+,101-250,1.14,-0.0740260846118712
150,2000,GRC,11148,1899,NA,NA,female,NA,no,486.92,544.21,560.36,35.6571,yes,yes,yes,2,0,1,101-250,-0.36,1.05331864945939
151,2000,GRC,11148,1913,NA,NA,female,NA,yes,454.86,522.4,523.37,35.6571,yes,no,yes,3+,0,1,51-100,-0.36,0.140833084219106
152,2000,GRC,11149,1923,NA,NA,female,NA,no,NA,432.59,354.96,58.5,yes,yes,yes,2,0,1,51-100,-0.6,0.353947774671857
153,2000,GRC,11149,1936,NA,NA,female,NA,no,NA,398.7,381.16,58.5,yes,yes,no,3+,0,1,1-10,-0.6,-0.270969410634695
154,2000,GRC,11149,1944,NA,NA,female,NA,yes,444.91,514.17,502.56,58.5,yes,yes,yes,3+,1,1,more than 500,0.34,0.579232834252475
155,2000,GRC,11150,1962,NA,NA,male,NA,no,NA,596.55,571.65,23.4,yes,yes,yes,3+,1,2,101-250,0.85,1.51160960498326
156,2000,GRC,11150,1972,NA,NA,male,NA,no,NA,582.01,470.62,23.4,yes,yes,no,3+,0,1,51-100,-0.6,-0.00711057324574963
157,2000,GRC,11150,1984,NA,NA,male,NA,yes,515.13,573.25,528.72,23.4,yes,no,yes,2,1,1,101-250,-0.6,1.0266793131528
158,2000,GRC,11156,2001,NA,NA,male,NA,no,NA,484.75,624.87,28.0312,yes,yes,yes,3+,1,2,251-500,0.34,0.713308332689806
159,2000,GRC,11156,2012,NA,NA,female,NA,yes,605.98,559.66,579.3,28.0312,yes,no,no,2,0,1,51-100,-0.85,-1.64717715376005
160,2000,GRC,12010,2025,NA,NA,male,NA,no,422.81,395.14,425.95,39.5795,yes,no,yes,1,1,1,51-100,-0.6,-0.297608746941288
161,2000,GRC,12010,2041,NA,NA,male,NA,no,325.08,321.47,396.11,39.5795,no,no,no,3+,0,2,11-50,-0.85,-0.141680313020612
162,2000,GRC,12010,2052,NA,NA,male,NA,NA,NA,304.17,397.4,39.5795,NA,yes,NA,1,0,1,51-100,-1.23,-0.860407666061614
163,2000,GRC,12033,2060,NA,NA,male,NA,yes,NA,462.94,365.98,70.7657,yes,yes,yes,2,1,1,more than 500,0.11,1.21097712908035
164,2000,GRC,12033,2072,NA,NA,male,NA,no,457.92,426.05,586.52,70.7657,yes,yes,no,1,1,2,11-50,-1.13,0.341735324416962
165,2000,GRC,12033,2084,NA,NA,female,NA,no,386.17,544.21,510.74,70.7657,no,yes,no,2,0,3+,1-10,-0.6,-2.04387188472297
166,2000,GRC,12054,2102,NA,NA,female,NA,no,424.3,486.9,480.91,137.5106,yes,yes,no,3+,0,2,51-100,-0.12,0.248286698592061
167,2000,GRC,12054,2113,NA,NA,female,NA,no,622.01,638.74,539.61,137.5106,yes,yes,yes,1,0,1,101-250,-1.13,-0.000516724192398678
168,2000,GRC,12054,2123,NA,NA,female,NA,no,NA,502.02,514.82,137.5106,yes,yes,no,2,0,1,11-50,-1.13,-0.426746105097899
169,2000,GRC,12065,2136,NA,NA,female,NA,yes,NA,402.6,335.12,81.1125,yes,yes,no,3+,0,3+,51-100,0.59,1.18873369214266
170,2000,GRC,12065,2146,NA,NA,female,NA,NA,NA,318.71,336.96,81.1125,yes,yes,yes,2,0,1,11-50,-0.13,-0.2136556266116
171,2000,GRC,12081,2158,NA,NA,female,NA,no,457.92,322.43,496.31,92.7144,yes,no,yes,3+,1,2,more than 500,0.59,0.378010504174432
172,2000,GRC,12081,2171,NA,NA,female,NA,no,NA,425.67,351.55,92.7144,yes,yes,yes,2,0,1,more than 500,-0.36,0.478823103756463
173,2000,GRC,12081,2182,NA,NA,female,NA,no,418.23,451.5,462.93,92.7144,yes,no,no,2,0,0,51-100,-2.31,-1.93731453949659
174,2000,GRC,12091,2194,NA,NA,male,NA,no,NA,301.71,292.72,28.1455,yes,yes,no,2,0,2,1-10,-0.85,-1.4609226395498
175,2000,GRC,12091,2207,NA,NA,female,NA,yes,NA,372.34,436.19,28.1455,yes,yes,yes,3+,1,1,1-10,0.34,0.115090017059092
176,2000,GRC,12102,2218,NA,NA,female,NA,no,NA,497.48,506.7,29.7538,yes,yes,no,3+,0,1,51-100,-0.85,-1.44226807969903
177,2000,GRC,12102,2229,NA,NA,male,NA,no,NA,404.42,396.46,29.7538,yes,yes,no,1,0,1,51-100,-0.85,-1.87919373319151
178,2000,GRC,12102,2238,NA,NA,female,NA,no,510.55,565.07,502.56,29.7538,yes,yes,yes,2,0,1,11-50,-0.6,0.060915075299325
179,2000,GRC,12121,2258,NA,NA,male,NA,yes,592.21,595.06,610.81,78.8072,yes,yes,yes,1,0,1,more than 500,-0.85,0.969187035400506
180,2000,GRC,12121,2267,NA,NA,male,NA,no,NA,441.42,501.14,78.8072,yes,yes,no,3+,0,1,1-10,-0.85,-1.30907139816606
181,2000,GRC,12121,2278,NA,NA,female,NA,no,470.86,624.15,517.89,78.8072,yes,no,yes,2,0,1,11-50,-1.13,-1.65132344677542
182,2000,GRC,12125,2292,NA,NA,female,NA,no,NA,413.51,376.61,28.1455,yes,no,yes,1,0,2,1-10,-0.85,-1.06609017645615
183,2000,GRC,12125,2303,NA,NA,female,NA,yes,486.16,513.31,567.57,28.1455,yes,yes,no,2,1,2,101-250,-0.12,0.174220551341795
184,2000,GRC,12125,2318,NA,NA,male,NA,yes,446.47,345.15,415.12,28.1455,yes,yes,yes,3+,1,2,51-100,0.59,-0.187160303908381
185,2000,GRC,13022,2326,NA,NA,female,NA,no,463.99,486.9,513.38,74.2885,yes,no,yes,2,1,2,101-250,-0.6,-0.193585927391906
186,2000,GRC,13022,2335,NA,NA,female,NA,yes,464.02,474.22,498.11,74.2885,yes,yes,yes,3+,1,2,51-100,0.11,0.0410238698088266
187,2000,GRC,13031,2358,NA,NA,male,NA,no,545.69,598.75,509.84,51.5893,yes,yes,no,2,1,1,51-100,-0.36,0.1674724205257
188,2000,GRC,13031,2366,NA,NA,male,NA,no,461.73,440.59,516.16,51.5893,yes,yes,no,3+,0,2,11-50,-0.85,0.280623614805426
189,2000,GRC,13031,2380,NA,NA,male,NA,yes,NA,701.99,592.4,51.5893,yes,yes,yes,3+,1,2,11-50,0.59,0.0249314840841284
190,2000,GRC,13070,2394,NA,NA,male,NA,no,380.07,405.14,434.97,26.8529,yes,yes,no,3+,0,1,51-100,-0.6,0.301565371205248
191,2000,GRC,13070,2413,NA,NA,male,NA,no,423.57,400.6,387.16,26.8529,yes,no,no,3+,1,2,101-250,-0.6,-0.587760830435471
192,2000,GRC,13073,2422,NA,NA,male,NA,no,436.55,383.33,469.25,30.2657,yes,yes,no,3+,0,3+,11-50,-0.36,-0.45661263635506
193,2000,GRC,13073,2434,NA,NA,male,NA,no,583.06,459.63,578.33,30.2657,yes,yes,no,1,0,3+,more than 500,-0.85,-0.61223504905552
194,2000,GRC,13073,2449,NA,NA,male,NA,no,NA,439.87,349.55,30.2657,yes,yes,no,2,0,0,11-50,-1.84,-1.11970073038392
195,2000,GRC,13076,2460,NA,NA,female,NA,yes,460.21,441.5,532.39,101.8028,yes,yes,yes,2,1,3+,more than 500,0.34,1.42503271211198
196,2000,GRC,13076,2479,NA,NA,female,NA,no,399.12,503.26,442.12,101.8028,yes,yes,yes,1,0,2,51-100,-0.85,0.282230480206334
197,2000,GRC,13112,2488,NA,NA,male,NA,no,NA,430.21,477.84,24.075,yes,yes,yes,2,0,2,251-500,-0.12,-0.557570143717825
198,2000,GRC,13112,2501,NA,NA,male,NA,no,412.09,349.65,343.79,24.075,yes,yes,no,2,0,1,11-50,-0.6,-1.64881541029046
199,2000,GRC,13128,2515,NA,NA,female,NA,no,NA,490.77,384.73,36.4565,yes,yes,no,2,0,1,1-10,-0.6,-0.955013958821012
200,2000,GRC,13128,2530,NA,NA,female,NA,no,NA,501.41,537.22,36.4565,yes,yes,no,2,0,2,251-500,-0.6,-0.937758946404161
201,2000,GRC,13128,2541,NA,NA,female,NA,no,NA,521.4,418.15,36.4565,yes,yes,no,1,0,2,101-250,-0.12,-1.33149712933355
202,2000,GRC,13136,2553,NA,NA,male,NA,no,500.66,357.88,497.21,31.6415,yes,yes,no,2,0,2,11-50,-0.12,0.0884506807524979
203,2000,GRC,13136,2566,NA,NA,female,NA,no,NA,430.21,410.18,31.6415,yes,no,yes,2,0,1,1-10,-0.85,-0.507828123758052
204,2000,GRC,13136,2577,NA,NA,female,NA,no,NA,473.23,406.42,31.6415,yes,yes,no,3+,0,0,101-250,-1.13,-0.80375613676657
205,2000,GRC,14005,2591,NA,NA,female,NA,yes,NA,427.78,357.71,94.2583,yes,yes,no,2,1,1,51-100,-0.6,0.353947774671857
206,2000,GRC,14005,2602,NA,NA,male,NA,NA,395.33,408.78,458.42,94.2583,yes,yes,NA,2,0,1,11-50,-0.87,-1.496175280865
207,2000,GRC,14036,2618,NA,NA,male,NA,yes,NA,468.04,405.48,62.568,yes,yes,yes,3+,1,1,101-250,0.27,0.740782286827077
208,2000,GRC,14036,2632,NA,NA,male,NA,no,NA,489.3,476.93,62.568,no,no,no,1,0,1,11-50,-1.84,-0.94555762812958
209,2000,GRC,14036,2642,NA,NA,male,NA,NA,NA,485.95,424.46,62.568,yes,yes,yes,2,NA,1,1-10,-0.46,-1.26902349704522
210,2000,GRC,14111,2655,NA,NA,female,NA,yes,451.78,426,434,69.4872,yes,yes,no,2,1,2,11-50,0.11,-1.27001284032863
211,2000,GRC,14111,2669,NA,NA,female,NA,no,589.19,576.93,669.51,69.4872,yes,no,no,1,0,1,51-100,-2.31,0.0181557048189502
212,2000,GRC,14111,2680,NA,NA,female,NA,no,NA,469.59,441.6,69.4872,yes,yes,no,3+,0,1,11-50,-0.36,-1.48987566159748
213,2000,GRC,14141,2694,NA,NA,male,NA,yes,426.59,392.37,430.39,40.6285,yes,yes,no,2,1,1,1-10,-0.85,-1.3050120747897
214,2000,GRC,14141,2707,NA,NA,male,NA,no,422.04,418.78,388.06,40.6285,yes,yes,yes,3+,2,3+,51-100,0.85,1.06488850250153
215,2000,GRC,14151,2718,NA,NA,male,NA,no,NA,517.13,559.73,41.4412,yes,no,no,2,0,1,101-250,-1.84,1.10644304030983
216,2000,GRC,14151,2729,NA,NA,male,NA,yes,NA,601.39,652.68,41.4412,yes,yes,yes,3+,1,1,more than 500,0.11,1.61150806625814
217,2000,GRC,14151,2744,NA,NA,female,NA,no,NA,457.78,579.62,41.4412,yes,yes,no,2,0,0,101-250,-1.46,-0.674714368280433
218,2000,GRC,15011,2757,NA,NA,male,NA,no,NA,265.35,272.87,34.1307,yes,yes,no,NA,0,2,51-100,-1,-1.10875940589457
219,2000,GRC,15011,2769,NA,NA,male,NA,no,NA,405.06,455.13,34.1307,yes,no,no,3+,0,3+,11-50,-0.85,-1.87894640406357
220,2000,GRC,15059,2781,NA,NA,male,NA,no,NA,537.12,483.96,76.9372,yes,yes,no,3+,0,1,251-500,-1.13,-0.0431077442500572
221,2000,GRC,15059,2793,NA,NA,NA,NA,NA,452.54,485.99,604.49,76.9372,NA,NA,NA,NA,NA,NA,NA,NA,NA
222,2000,GRC,15059,2805,NA,NA,male,NA,NA,470.1,387.82,323.05,76.9372,NA,NA,NA,1,2,1,51-100,-0.48,NA
223,2000,GRC,15097,2821,NA,NA,female,NA,yes,449.49,437.82,491.73,30.6,yes,yes,yes,2,1,1,more than 500,0.34,-0.503227605485898
224,2000,GRC,16013,2832,NA,NA,male,NA,yes,NA,318.98,253.93,25.6289,yes,yes,no,2,0,2,11-50,0.11,-1.69639650299687
225,2000,GRC,16013,2846,NA,NA,female,NA,NA,NA,249.34,330.8,25.6289,no,yes,NA,2,0,0,11-50,-1.66,-1.7846793397433
226,2000,GRC,16014,2858,NA,NA,male,NA,no,408.28,539.62,464.67,46.2134,yes,yes,yes,3+,0,1,11-50,-0.6,-0.566536635684219
227,2000,GRC,16014,2867,NA,NA,female,NA,no,NA,522.31,521.88,46.2134,yes,yes,no,2,0,2,11-50,-0.6,-0.639860795550649
228,2000,GRC,16014,2883,NA,NA,female,NA,no,491.5,479.68,498.11,46.2134,yes,no,no,3+,0,1,1-10,-0.85,-1.71935771535195
229,2000,GRC,16017,2898,NA,NA,female,NA,no,741.81,613.24,670.34,40.73,yes,yes,yes,2,0,1,51-100,-0.6,-0.852515936970995
230,2000,GRC,16017,2911,NA,NA,female,NA,no,NA,453.85,427.32,40.73,yes,yes,yes,3+,0,1,11-50,-0.36,-0.365314305606175
231,2000,GRC,16019,2921,NA,NA,female,NA,no,302.95,517.8,407.84,46.8643,yes,yes,yes,3+,0,1,51-100,-0.12,-0.467468514480415
232,2000,GRC,16019,2934,NA,NA,female,NA,no,520.5,555.12,427.75,46.8643,yes,no,yes,2,0,1,101-250,-0.85,-0.586582122937462
233,2000,GRC,16019,2950,NA,NA,male,NA,yes,NA,331.43,430.77,46.8643,yes,yes,yes,2,2,2,1-10,0.85,-0.126821890403562
234,2000,GRC,16028,2962,NA,NA,female,NA,no,NA,335.07,356.8,57.9967,yes,no,no,1,0,1,11-50,-2.31,-1.56888270361304
235,2000,GRC,16028,2972,NA,NA,male,NA,no,NA,410.51,327.04,57.9967,yes,yes,yes,2,1,1,51-100,0.11,-0.345841685989582
236,2000,GRC,16032,2985,NA,NA,female,NA,no,NA,450.21,296.52,36.182,yes,yes,yes,3+,0,1,more than 500,0.11,1.29089513800013
237,2000,GRC,16032,2998,NA,NA,female,NA,no,NA,455.66,433.63,36.182,no,yes,no,3+,0,1,1-10,-1.13,0.0807858693239756
238,2000,GRC,16032,3009,NA,NA,female,NA,no,367.86,328.79,494.51,36.182,yes,yes,no,2,0,1,11-50,-0.6,-0.855050462647987
239,2000,GRC,16035,3022,NA,NA,male,NA,no,NA,507.77,541.73,59.2834,yes,yes,no,2,0,2,1-10,-0.6,-1.22501661043972
240,2000,GRC,16035,3033,NA,NA,NA,NA,NA,NA,420.51,428.97,59.2834,NA,NA,NA,NA,NA,NA,NA,NA,NA
241,2000,GRC,16039,3043,NA,NA,male,NA,no,NA,550.49,607.58,69.6456,yes,yes,yes,1,1,2,251-500,-0.12,1.50618736667148
242,2000,GRC,16039,3053,NA,NA,male,NA,yes,NA,590.48,632.84,69.6456,yes,yes,yes,2,1,2,101-250,0.34,1.53159005733835
243,2000,GRC,16039,3064,NA,NA,female,NA,yes,NA,618.36,505.8,69.6456,yes,no,yes,1,2,2,more than 500,0.34,1.90454076563067
244,2000,GRC,16041,3083,NA,NA,female,NA,no,518.18,583.25,478.2,77.0542,yes,yes,yes,2,3+,1,251-500,0.59,1.21537302844925
245,2000,GRC,16041,3096,NA,NA,female,NA,no,NA,497.48,517.53,77.0542,yes,yes,no,2,0,2,11-50,-1.13,-2.14558709625745
246,2000,GRC,16041,3106,NA,NA,male,NA,no,NA,564.39,521.84,77.0542,yes,yes,no,1,0,1,NA,-1.46,-1.62004315919756
247,2000,GRC,16045,3120,NA,NA,male,NA,no,NA,527.76,453.33,101.1755,no,yes,yes,2,1,1,11-50,0.11,0.514680061657998
248,2000,GRC,16045,3134,NA,NA,female,NA,no,NA,432.59,479.45,101.1755,yes,no,no,2,0,1,11-50,-1.13,-1.72303583930347
249,2000,GRC,16047,3147,NA,NA,female,NA,no,NA,478.39,565.34,22.7813,yes,yes,no,2,0,1,11-50,-1.13,-1.49186000832925
250,2000,GRC,16047,3159,NA,NA,male,NA,no,NA,587.46,594.2,22.7813,yes,yes,yes,1,1,3+,51-100,0.11,0.408122716431623
251,2000,GRC,16050,3169,NA,NA,female,NA,no,596.82,589.66,566.67,38.192,yes,yes,yes,1,0,1,51-100,-0.85,1.03020315534157
252,2000,GRC,16050,3181,NA,NA,female,NA,no,NA,517.77,485.8,38.192,yes,no,no,1,0,1,101-250,-2.31,-0.972589201344853
253,2000,GRC,16050,3193,NA,NA,female,NA,no,NA,555.94,540.83,38.192,no,yes,yes,2,0,1,101-250,-0.85,-0.0124090845671053
254,2000,GRC,16052,3205,NA,NA,male,NA,no,NA,546.21,491.17,93.8052,yes,yes,yes,1,0,1,11-50,-1.46,-0.715268552093122
255,2000,GRC,16052,3219,NA,NA,male,NA,no,NA,572.92,551.81,93.8052,yes,no,no,3+,0,1,51-100,-1.46,0.813410340937302
256,2000,GRC,16056,3231,NA,NA,male,NA,no,383.85,429.64,441.22,35.7991,yes,yes,yes,2,2,1,11-50,-0.36,-1.20136183463371
257,2000,GRC,16056,3246,NA,NA,female,NA,no,431.17,466.9,519.7,35.7991,yes,no,no,2,0,1,11-50,-1.46,-0.719778804470431
258,2000,GRC,16056,3255,NA,NA,female,NA,no,NA,486.86,419.95,35.7991,yes,yes,no,2,1,1,51-100,-0.6,0.833455828190545
259,2000,GRC,16066,3269,NA,NA,female,NA,no,NA,642.91,621.27,69.6838,yes,yes,yes,3+,1,2,51-100,0.59,0.842422320156938
260,2000,GRC,16066,3281,NA,NA,female,NA,no,389.96,465.08,390.7,69.6838,yes,no,no,1,1,1,1-10,-1.46,-1.07548159710232
261,2000,GRC,16066,3296,NA,NA,male,NA,no,507.5,504.17,547.66,69.6838,yes,no,no,2,0,0,11-50,-2.31,-1.28716163089767
262,2000,GRC,16075,3312,NA,NA,male,NA,no,NA,564.74,582.48,78.7581,yes,yes,yes,3+,0,2,51-100,-0.36,0.0737037048206108
263,2000,GRC,16075,3325,NA,NA,female,NA,no,NA,536.85,474.98,78.7581,yes,yes,no,3+,0,1,11-50,-0.85,-1.43820875632267
264,2000,GRC,16075,3333,NA,NA,male,NA,no,NA,513.49,492.98,78.7581,yes,yes,yes,2,0,1,11-50,-0.6,0.407226447285044
265,2000,GRC,16079,3342,NA,NA,male,NA,no,578.51,469.68,576.59,22.7813,yes,no,yes,3+,0,1,251-500,-0.6,1.50618736667148
266,2000,GRC,16079,3359,NA,NA,female,NA,no,608.24,675.96,637.87,22.7813,yes,yes,yes,2,1,2,51-100,0.34,0.428085299626144
267,2000,GRC,16084,3369,NA,NA,male,NA,no,671.59,662.32,669.44,22.7813,yes,yes,yes,2,0,1,101-250,-0.6,0.860095164497139
268,2000,GRC,16085,3381,NA,NA,female,NA,no,NA,445.67,554.51,32.1617,yes,yes,no,2,0,0,51-100,-1.46,-2.14558709625745
269,2000,GRC,16085,3393,NA,NA,female,NA,yes,NA,519.58,502.94,32.1617,yes,yes,yes,2,0,1,251-500,-0.85,0.967548778870093
270,2000,GRC,16085,3404,NA,NA,male,NA,no,NA,439.87,364.88,32.1617,yes,yes,yes,2,0,2,11-50,-0.6,0.756072344947756
271,2000,GRC,16088,3421,NA,NA,male,NA,yes,234.26,222.4,221.11,27.1904,yes,yes,yes,3+,3+,3+,NA,3.38,1.55636228703509
272,2000,GRC,16088,3431,NA,NA,male,NA,yes,425.86,339.7,408.81,27.1904,yes,yes,yes,2,1,2,11-50,-0.12,-0.151303346006846
273,2000,GRC,16090,3441,NA,NA,male,NA,no,NA,404.42,406.38,26.0357,yes,yes,no,3+,0,2,11-50,0.11,-0.348006803676127
274,2000,GRC,16090,3458,NA,NA,female,NA,no,NA,417.78,362.22,26.0357,no,yes,yes,2,0,2,51-100,-0.6,0.0181557048189502
275,2000,GRC,16090,3471,NA,NA,male,NA,no,432.7,452.36,394.31,26.0357,yes,yes,no,2,0,1,11-50,-1.46,-0.209953290693632
276,2000,GRC,16099,3483,NA,NA,female,NA,no,NA,509.85,492.08,60.5331,yes,yes,yes,3+,0,2,251-500,0.11,0.655946966010782
277,2000,GRC,16099,3497,NA,NA,female,NA,no,367.86,452.41,467.44,60.5331,yes,yes,no,2,0,1,51-100,-1.13,0.756072344947756
278,2000,GRC,16099,3507,NA,NA,female,NA,no,510.55,593.24,583.74,60.5331,yes,yes,no,1,0,1,101-250,-1.13,0.753537819270763
279,2000,GRC,16106,3516,NA,NA,male,NA,no,450.25,449.63,562.09,50.7697,yes,yes,no,1,0,1,101-250,-1.84,-1.96395387580318
280,2000,GRC,16106,3528,NA,NA,male,NA,yes,NA,372.34,395.59,50.7697,yes,yes,yes,2,1,2,more than 500,0.27,0.995283289518308
281,2000,GRC,16106,3544,NA,NA,female,NA,yes,NA,493.23,589.54,50.7697,yes,yes,no,3+,0,1,51-100,-0.36,-1.44226807969903
282,2000,GRC,16114,3555,NA,NA,female,NA,no,NA,628.02,620.17,60.5331,yes,yes,yes,2,0,1,251-500,-0.36,1.39377815977559
283,2000,GRC,16114,3565,NA,NA,female,NA,no,NA,527.76,527.3,60.5331,yes,yes,yes,2,0,1,101-250,-0.36,-0.534482157822283
284,2000,GRC,16115,3580,NA,NA,female,NA,no,406.75,544.16,464.67,52.7224,yes,yes,no,1,0,1,101-250,-1.46,0.0261226121141951
285,2000,GRC,16115,3592,NA,NA,male,NA,no,NA,394.77,424.61,52.7224,yes,yes,no,2,0,1,51-100,-1.13,-1.34615967793169
286,2000,GRC,16115,3604,NA,NA,female,NA,yes,NA,474.14,419.05,52.7224,yes,yes,yes,3+,1,1,11-50,-0.12,-1.34092151100545
287,2000,GRC,16117,3617,NA,NA,female,NA,no,NA,513.49,474.94,83.9651,no,no,no,1,0,0,51-100,-2.93,-0.798040687699223
288,2000,GRC,16117,3632,NA,NA,female,NA,no,NA,535.04,489.41,83.9651,yes,no,yes,2,0,1,11-50,-0.85,-0.764860480723338
289,2000,GRC,16117,3642,NA,NA,male,NA,no,547.98,433.32,448.5,83.9651,yes,no,no,3+,1,1,51-100,-0.12,0.493892587020921
290,2000,GRC,16123,3659,NA,NA,male,NA,yes,NA,409.6,364.02,52.0715,yes,yes,yes,3+,2,3+,101-250,1.46,-0.351632313261555
291,2000,GRC,16123,3669,NA,NA,male,NA,no,NA,336.59,374.1,52.0715,yes,yes,no,3+,1,2,11-50,-0.36,-1.48312753078138
292,2000,GRC,16123,3683,NA,NA,male,NA,no,NA,382.04,365.98,52.0715,yes,yes,no,3+,0,3+,11-50,-0.12,-1.49808127798921
293,2000,GRC,16130,3695,NA,NA,female,NA,no,400.64,463.27,445.73,35.1482,yes,yes,yes,3+,1,1,51-100,-0.36,0.353947774671857
294,2000,GRC,16130,3704,NA,NA,female,NA,no,418.99,455.13,456.62,35.1482,yes,yes,yes,2,0,1,101-250,-0.85,0.233539722660173
295,2000,GRC,16153,3720,NA,NA,male,NA,no,NA,262.62,298.13,48.9127,yes,yes,yes,2,0,2,11-50,-0.36,-0.509891308968247
296,2000,GRC,16153,3738,NA,NA,male,NA,yes,NA,259.63,312.6,48.9127,yes,no,yes,1,2,2,11-50,-0.36,-0.069747080556651
297,2000,GRC,16153,3746,NA,NA,male,NA,no,NA,450.21,414.69,48.9127,no,yes,yes,2,0,1,101-250,-0.6,-0.44886656899573
298,2000,GRC,16154,3761,NA,NA,female,NA,no,425.1,386.96,400.69,22.7813,yes,no,no,2,0,1,51-100,-1.46,-1.16788994017727
299,2000,GRC,16154,3772,NA,NA,male,NA,no,NA,425.96,351.39,22.7813,yes,no,yes,2,0,1,more than 500,-0.85,0.301565371205248
300,2000,GRC,17006,3782,NA,NA,female,NA,yes,586.11,627.78,554.88,26.9235,yes,yes,no,2,1,1,51-100,-0.36,0.334056569181358
301,2000,GRC,17006,3796,NA,NA,female,NA,no,NA,508.95,481.25,26.9235,yes,yes,no,2,0,2,11-50,-0.85,-2.3102652477889
302,2000,GRC,17025,3809,NA,NA,female,NA,no,NA,514.13,422.66,72.0932,yes,yes,yes,2,0,1,1-10,-0.6,-1.79927572427173
303,2000,GRC,17025,3821,NA,NA,male,NA,yes,NA,499.86,496.59,72.0932,yes,yes,no,3+,1,1,51-100,0.11,0.357518782598201
304,2000,GRC,17053,3831,NA,NA,female,NA,no,NA,312.96,299.23,26.9235,yes,yes,no,2,0,1,101-250,-0.85,-1.91610504250298
305,2000,GRC,17053,3846,NA,NA,female,NA,no,NA,542.01,464.31,26.9235,yes,yes,yes,3+,1,2,51-100,0.34,-0.268101215288403
306,2000,GRC,17062,3858,NA,NA,male,NA,no,NA,424.41,402.77,50.7699,yes,yes,no,2,NA,3+,11-50,-0.67,0.116184995741698
307,2000,GRC,17062,3867,NA,NA,female,NA,no,513.63,473.31,425.95,50.7699,yes,yes,no,2,0,0,101-250,-1.46,-0.742740016825508
308,2000,GRC,17062,3884,NA,NA,female,NA,no,425.07,444.18,444.82,50.7699,yes,yes,yes,3+,0,2,1-10,0.11,0.159473575409908
309,2000,GRC,17087,3893,NA,NA,male,NA,no,402.17,356.01,410.55,29.8082,yes,yes,no,3+,0,2,11-50,-0.36,-1.15176990600349
310,2000,GRC,17087,3903,NA,NA,male,NA,no,468.6,226.99,424.15,29.8082,yes,yes,no,3+,0,2,11-50,-0.6,-1.99348852574576
311,2000,GRC,17103,3920,NA,NA,female,NA,yes,NA,529.58,511.96,68.4625,yes,no,no,1,1,1,more than 500,-0.6,0.573810595940702
312,2000,GRC,17103,3937,NA,NA,female,NA,no,NA,551.67,478.55,68.4625,yes,no,no,3+,0,1,11-50,-0.85,0.0978263846107867
313,2000,GRC,17103,3946,NA,NA,male,NA,yes,NA,452.03,419.2,68.4625,yes,yes,yes,3+,1,2,51-100,0.59,1.03824916619493
314,2000,GRC,17108,3955,NA,NA,male,NA,no,NA,476.57,362.37,49.2314,yes,no,no,2,0,1,11-50,-1.84,-1.79927572427173
315,2000,GRC,17108,3966,NA,NA,NA,NA,NA,NA,489.59,389.28,49.2314,NA,NA,NA,NA,NA,NA,NA,NA,NA
316,2000,GRC,17110,3981,NA,NA,male,NA,no,NA,468.95,402.77,43.0774,yes,no,no,2,0,1,11-50,-1.84,-0.209705961565687
317,2000,GRC,17110,3993,NA,NA,female,NA,no,324.35,406.96,415.12,43.0774,yes,yes,no,2,0,2,51-100,-0.6,-1.22094777285454
318,2000,GRC,17110,4006,NA,NA,female,NA,no,NA,495.95,403.71,43.0774,yes,yes,no,2,0,2,51-100,-0.6,-1.62053781745345
319,2000,GRC,17116,4024,NA,NA,female,NA,no,NA,580.19,449.87,48.4621,yes,yes,yes,3+,0,1,251-500,-0.6,0.940909442563499
320,2000,GRC,17116,4035,NA,NA,female,NA,no,NA,595.94,633.74,48.4621,yes,yes,yes,2,0,1,11-50,-0.85,-0.566536635684219
321,2000,GRC,17135,4047,NA,NA,male,NA,yes,NA,434.41,378.42,96.9244,yes,yes,yes,2,1,2,1-10,0.11,0.461401389044811
322,2000,GRC,17135,4059,NA,NA,male,NA,no,NA,451.68,363.98,96.9244,no,yes,yes,3+,1,1,none,-0.36,0.296500089990035
323,2000,GRC,17135,4070,NA,NA,male,NA,yes,299.13,441.45,351.01,96.9244,yes,yes,yes,2,1,1,NA,-0.12,-0.0865377244102441
324,2000,GRC,17137,4090,NA,NA,female,NA,no,NA,376.59,319.07,58.5981,no,no,no,2,0,2,1-10,-0.85,-1.80723401153552
325,2000,GRC,17137,4100,NA,NA,female,NA,no,NA,413.24,479.49,58.5981,yes,yes,no,2,0,1,51-100,-1.13,-0.719778804470431
326,2000,GRC,17137,4110,NA,NA,male,NA,yes,NA,381.13,432.73,58.5981,yes,yes,yes,2,1,3+,101-250,0.59,0.0858099332276914
327,2000,GRC,17138,4124,NA,NA,male,NA,yes,480.81,483.31,545.02,66.924,yes,yes,yes,3+,1,1,101-250,0.59,1.53824894128985
328,2000,GRC,17138,4134,NA,NA,male,NA,no,433.46,405.09,517.89,66.924,yes,yes,yes,3+,0,2,11-50,0.11,1.13545501952947
329,2000,GRC,17138,4146,NA,NA,female,NA,no,NA,637.11,534.47,66.924,yes,yes,no,3+,0,2,251-500,-0.6,-2.06934721128919
330,2000,GRC,17139,4157,NA,NA,male,NA,no,498.37,608.74,590.13,30.7696,yes,yes,yes,3+,1,2,11-50,0.59,0.628091104207209
331,2000,GRC,17139,4174,NA,NA,male,NA,no,NA,413.51,370.3,30.7696,yes,yes,yes,3+,0,1,51-100,0.11,-1.77319425771721
332,2000,GRC,17146,4185,NA,NA,male,NA,yes,NA,394.15,347.78,28.7183,yes,yes,yes,2,2,3+,NA,1.84,-0.287298857327969
333,2000,GRC,17146,4197,NA,NA,male,NA,yes,267.08,240.58,394.31,28.7183,yes,yes,yes,3+,2,0,more than 500,0.85,-0.678525203271793
334,2000,GRC,17146,4211,NA,NA,NA,NA,NA,NA,369.88,335.12,28.7183,NA,NA,NA,NA,NA,NA,NA,NA,NA
335,2000,GRC,18026,4227,NA,NA,male,NA,NA,565.5,536.89,507.97,39.0857,yes,yes,no,2,1,2,11-50,-0.02,0.742637317713109
336,2000,GRC,18026,4238,NA,NA,female,NA,no,NA,468.04,460.5,39.0857,yes,yes,yes,2,0,1,101-250,-0.85,0.341735324416962
337,2000,GRC,18043,4251,NA,NA,female,NA,no,NA,563.83,513.92,24.8728,no,no,no,2,0,1,11-50,-1.46,-0.800860823130584
338,2000,GRC,18043,4260,NA,NA,female,NA,yes,524.32,626.01,617.19,24.8728,yes,yes,yes,0,1,2,251-500,-0.36,0.653728604860483
339,2000,GRC,18064,4275,NA,NA,female,NA,no,NA,471.68,386.53,51.8774,yes,yes,no,2,0,1,51-100,-1.46,-1.54108797759753
340,2000,GRC,18064,4286,NA,NA,male,NA,no,NA,385.68,308.25,51.8774,yes,yes,yes,2,1,0,101-250,-0.12,0.153621713740392
341,2000,GRC,18064,4299,NA,NA,female,NA,no,NA,492.32,443.4,51.8774,yes,yes,no,2,0,1,11-50,-1.13,-2.03878242190313
342,2000,GRC,18098,4313,NA,NA,female,NA,no,NA,422.94,382.22,24.8728,yes,yes,no,2,0,1,1-10,-0.85,-0.955022578852466
343,2000,GRC,18098,4324,NA,NA,male,NA,no,548.74,430.59,565.77,24.8728,yes,no,no,3+,1,1,51-100,-0.12,0.940909442563499
344,2000,GRC,18098,4337,NA,NA,female,NA,no,429.65,478.72,462.87,24.8728,yes,no,no,2,0,1,1-10,-1.46,-2.40211009720921
345,2000,GRC,18104,4348,NA,NA,female,NA,no,NA,578.37,465.21,68.933,yes,no,no,1,0,2,11-50,-1.13,-0.168319649327206
346,2000,GRC,18104,4364,NA,NA,female,NA,no,NA,405.97,435.28,68.933,yes,no,no,2,0,1,51-100,-1.46,-1.248055278225
347,2000,GRC,18104,4373,NA,NA,male,NA,no,NA,435.67,476.03,68.933,yes,yes,no,2,NA,3+,51-100,-0.14,0.00225498730606017
348,2000,GRC,18105,4386,NA,NA,female,NA,no,NA,408.4,478.74,26.3358,yes,no,no,2,0,0,more than 500,-1.84,-0.693139468163837
349,2000,GRC,18109,4396,NA,NA,male,NA,no,NA,392.6,358.57,52.5881,yes,no,no,2,0,1,11-50,-1.13,-0.821578568191553
350,2000,GRC,18109,4406,NA,NA,female,NA,no,295.32,329.65,356.42,52.5881,yes,no,no,3+,0,1,11-50,-1.46,-1.87894640406357
351,2000,GRC,18109,4422,NA,NA,male,NA,no,NA,349.61,374.85,52.5881,no,yes,yes,2,0,2,11-50,-0.6,0.071187048304193
352,2000,GRC,18113,4438,NA,NA,female,NA,yes,514.4,520.58,518.86,28.5575,yes,yes,no,3+,1,2,more than 500,0.59,1.5536754120127
353,2000,GRC,18113,4448,NA,NA,male,NA,no,NA,428.96,486.66,28.5575,no,no,no,2,0,1,251-500,-1.84,0.400324034706205
354,2000,GRC,18120,4457,NA,NA,male,NA,yes,370.91,318.79,404.3,53.6096,yes,yes,yes,2,1,1,101-250,0.34,1.32193037367563
355,2000,GRC,18120,4476,NA,NA,female,NA,no,NA,522.02,462.5,53.6096,yes,yes,yes,3+,0,1,51-100,-0.12,0.387335241794546
356,2000,GRC,18142,4488,NA,NA,female,NA,yes,370.88,432.36,393.41,29.1366,yes,yes,no,3+,1,2,51-100,-0.36,-0.0594929767123581
357,2000,GRC,18142,4503,NA,NA,male,NA,no,396.86,374.24,379.04,29.1366,yes,yes,yes,3+,1,2,51-100,0.34,0.250961437371826
358,2000,GRC,18142,4514,NA,NA,male,NA,no,491.5,509.67,501.72,29.1366,yes,no,no,1,0,1,1-10,-1.84,-0.65335705718284
359,2000,GRC,18157,4527,NA,NA,male,NA,no,NA,535.95,508.35,37.6645,yes,yes,no,2,0,1,101-250,-1.46,-0.315678507494216
360,2000,GRC,18157,4541,NA,NA,female,NA,no,NA,228.72,241.34,37.6645,no,yes,yes,2,0,1,11-50,-1.13,-0.955607378150313
361,2000,GRC,18157,4551,NA,NA,male,NA,no,NA,218.73,263.89,37.6645,yes,yes,yes,2,0,2,51-100,-0.36,0.914270106256905
362,2000,GRC,19037,4562,NA,NA,female,NA,no,171.7,294.25,213.06,20.7,yes,yes,no,3+,1,2,1-10,-0.12,-1.54315433421066
363,2000,GRC,19037,4575,NA,NA,male,NA,no,293.03,320.56,264.41,20.7,no,yes,no,3+,0,0,NA,-0.6,-2.23821855649389
364,2000,GRC,19118,4588,NA,NA,male,NA,no,NA,440.51,517.37,71.5628,yes,yes,yes,3+,1,2,1-10,0.59,-0.396901997452471
365,2000,GRC,19118,4596,NA,NA,female,NA,no,457.12,411.46,352.81,71.5628,yes,yes,yes,3+,1,2,101-250,0.59,0.789143647543751
366,2000,GRC,19118,4613,NA,NA,female,NA,no,431.2,556.94,511.65,71.5628,yes,yes,yes,2,0,1,11-50,-0.85,-0.775132453728206
367,2000,GRC,19131,4625,NA,NA,male,NA,no,NA,618.93,633.7,73.9285,yes,yes,no,1,1,1,251-500,-1.13,0.860095164497139
368,2000,GRC,19131,4641,NA,NA,male,NA,no,431.97,483.31,543.22,73.9285,yes,yes,no,1,0,1,11-50,-1.84,-0.241434760692115
369,2000,GRC,19131,4651,NA,NA,male,NA,no,NA,498.04,394.65,73.9285,yes,yes,yes,2,1,1,11-50,0.11,1.0266793131528
370,2000,GRC,90122,4660,NA,NA,male,NA,yes,273.21,261.53,361.9,138.7125,yes,yes,no,3+,1,1,NA,-0.12,-0.0156409741956341